{
    "namespace": "fn",
    "accountId": "epic",
    "creatorName": "Epic",
    "mnemonic": "playlist_showdownalt_solo",
    "linkType": "BR:Playlist",
    "metadata": {
        "parent_set": "set_br_playlists",
        "favorite_override": "set_br_playlists",
        "play_history_override": "set_br_playlists",
        "alt_title": {},
        
        "image_url": "https://static.wikia.nocookie.net/fortnite/images/f/fa/Late_Game_Arena_-_Mode_-_Fortnite.jpg/revision/latest/scale-to-width-down/1000?cb=20211004231753.jpg",
        "product_tag": "Product.BR.Build.Arena",
        "image_urls": {
            "url_s": "https://static.wikia.nocookie.net/fortnite/images/f/fa/Late_Game_Arena_-_Mode_-_Fortnite.jpg/revision/latest/scale-to-width-down/1000?cb=20211004231753.jpg",
            "url_xs": "https://static.wikia.nocookie.net/fortnite/images/f/fa/Late_Game_Arena_-_Mode_-_Fortnite.jpg/revision/latest/scale-to-width-down/1000?cb=20211004231753.jpg",
            "url_m": "https://static.wikia.nocookie.net/fortnite/images/f/fa/Late_Game_Arena_-_Mode_-_Fortnite.jpg/revision/latest/scale-to-width-down/1000?cb=20211004231753.jpg",
            "url": "https://static.wikia.nocookie.net/fortnite/images/f/fa/Late_Game_Arena_-_Mode_-_Fortnite.jpg/revision/latest/scale-to-width-down/1000?cb=20211004231753.jpg"
        },
        "matchmaking": {
            "override_playlist": "playlist_showdownalt_solo"
        },
        "video_vuid": "",
        "title": "Arena"
    },
    "version": 95,
    "active": true,
    "disabled": false,
    "created": "2021-10-01T00:56:43.870Z",
    "published": "2023-11-03T08:26:11.189Z",
    "descriptionTags": [],
    "moderationStatus": "Unmoderated"
}