[
    {
        "announcementTime": "2024-03-01T21:56:59Z",
        "appId": null,
        "beginTime": "2024-02-29T21:56:59Z",
        "displayDataId": "solara_arena_solo",
        "endTime": "9999-12-31T23:59:59.000Z",
        "environment": null,
        "eventGroup": "",
        "eventId": "epicgames_Arena_S13_Solo",
        "eventWindows": [
            {
                "additionalRequirements": [],
                "beginTime": "2024-02-29T21:56:59Z",
                "blackoutPeriods": [],
                "canLiveSpectate": false,
                "countdownBeginTime": "2023-06-15T15:00:00.000Z",
                "endTime": "9999-12-31T23:59:59.000Z",
                "eventTemplateId": "eventTemplate_Arena_S13_Division1_Solo",
                "eventWindowId": "Arena_S13_Division1_Solo",
                "isTBD": false,
                "metadata": {
                    "RoundType": "Arena",
                    "ThresholdToAdvanceDivision": 500,
                    "divisionRank": 0
                },
                "payoutDelay": 30,
                "requireAllTokens": [
                    "ARENA_S13_Division1"
                ],
                "requireAllTokensCaller": [],
                "requireAnyTokens": [],
                "requireAnyTokensCaller": [],
                "requireNoneTokensCaller": [
                    "ARENA_S13_Division2",
                    "ARENA_S13_Division3",
                    "ARENA_S13_Division4",
                    "ARENA_S13_Division5",
                    "ARENA_S13_Division6",
                    "ARENA_S13_Division7",
                    "ARENA_S13_Division8",
                    "ARENA_S13_Division9",
                    "ARENA_S13_Division10"
                ],
                "round": 0,
                "scoreLocations": [],
                "teammateEligibility": "any",
                "visibility": "public"
            },
            {
                "additionalRequirements": [],
                "beginTime": "2024-02-29T21:56:59Z",
                "blackoutPeriods": [],
                "canLiveSpectate": false,
                "countdownBeginTime": "2023-06-15T15:00:00.000Z",
                "endTime": "9999-12-31T23:59:59.000Z",
                "eventTemplateId": "eventTemplate_Arena_S13_Division2_Solo",
                "eventWindowId": "Arena_S13_Division2_Solo",
                "isTBD": false,
                "metadata": {
                    "RoundType": "Arena",
                    "ThresholdToAdvanceDivision": 1000,
                    "divisionRank": 1
                },
                "payoutDelay": 30,
                "requireAllTokens": [
                    "ARENA_S13_Division2"
                ],
                "requireAllTokensCaller": [],
                "requireAnyTokens": [],
                "requireAnyTokensCaller": [],
                "requireNoneTokensCaller": [
                    "ARENA_S13_Division1",
                    "ARENA_S13_Division3",
                    "ARENA_S13_Division4",
                    "ARENA_S13_Division5",
                    "ARENA_S13_Division6",
                    "ARENA_S13_Division7",
                    "ARENA_S13_Division8",
                    "ARENA_S13_Division9",
                    "ARENA_S13_Division10"
                ],
                "round": 1,
                "scoreLocations": [],
                "teammateEligibility": "any",
                "visibility": "public"
            },
            {
                "additionalRequirements": [],
                "beginTime": "2024-02-29T21:56:59Z",
                "blackoutPeriods": [],
                "canLiveSpectate": false,
                "countdownBeginTime": "2023-06-15T15:00:00.000Z",
                "endTime": "9999-12-31T23:59:59.000Z",
                "eventTemplateId": "eventTemplate_Arena_S13_Division3_Solo",
                "eventWindowId": "Arena_S13_Division3_Solo",
                "isTBD": false,
                "metadata": {
                    "RoundType": "Arena",
                    "ThresholdToAdvanceDivision": 1500,
                    "divisionRank": 2
                },
                "payoutDelay": 30,
                "requireAllTokens": [
                    "ARENA_S13_Division3"
                ],
                "requireAllTokensCaller": [],
                "requireAnyTokens": [],
                "requireAnyTokensCaller": [],
                "requireNoneTokensCaller": [
                    "ARENA_S13_Division1",
                    "ARENA_S13_Division2",
                    "ARENA_S13_Division4",
                    "ARENA_S13_Division5",
                    "ARENA_S13_Division6",
                    "ARENA_S13_Division7",
                    "ARENA_S13_Division8",
                    "ARENA_S13_Division9",
                    "ARENA_S13_Division10"
                ],
                "round": 2,
                "scoreLocations": [],
                "teammateEligibility": "any",
                "visibility": "public"
            },
            {
                "additionalRequirements": [],
                "beginTime": "2024-02-29T21:56:59Z",
                "blackoutPeriods": [],
                "canLiveSpectate": false,
                "countdownBeginTime": "2023-06-15T15:00:00.000Z",
                "endTime": "9999-12-31T23:59:59.000Z",
                "eventTemplateId": "eventTemplate_Arena_S13_Division4_Solo",
                "eventWindowId": "Arena_S13_Division4_Solo",
                "isTBD": false,
                "metadata": {
                    "RoundType": "Arena",
                    "ThresholdToAdvanceDivision": 2000,
                    "divisionRank": 3
                },
                "payoutDelay": 30,
                "requireAllTokens": [
                    "ARENA_S13_Division4"
                ],
                "requireAllTokensCaller": [],
                "requireAnyTokens": [],
                "requireAnyTokensCaller": [],
                "requireNoneTokensCaller": [
                    "ARENA_S13_Division1",
                    "ARENA_S13_Division2",
                    "ARENA_S13_Division3",
                    "ARENA_S13_Division5",
                    "ARENA_S13_Division6",
                    "ARENA_S13_Division7",
                    "ARENA_S13_Division8",
                    "ARENA_S13_Division9",
                    "ARENA_S13_Division10"
                ],
                "round": 3,
                "scoreLocations": [],
                "teammateEligibility": "any",
                "visibility": "public"
            },
            {
                "additionalRequirements": [],
                "beginTime": "2024-02-29T21:56:59Z",
                "blackoutPeriods": [],
                "canLiveSpectate": false,
                "countdownBeginTime": "2023-06-15T15:00:00.000Z",
                "endTime": "9999-12-31T23:59:59.000Z",
                "eventTemplateId": "eventTemplate_Arena_S13_Division5_Solo",
                "eventWindowId": "Arena_S13_Division5_Solo",
                "isTBD": false,
                "metadata": {
                    "RoundType": "Arena",
                    "ThresholdToAdvanceDivision": 3000,
                    "divisionRank": 4
                },
                "payoutDelay": 30,
                "requireAllTokens": [
                    "ARENA_S13_Division5"
                ],
                "requireAllTokensCaller": [],
                "requireAnyTokens": [],
                "requireAnyTokensCaller": [],
                "requireNoneTokensCaller": [
                    "ARENA_S13_Division1",
                    "ARENA_S13_Division2",
                    "ARENA_S13_Division3",
                    "ARENA_S13_Division4",
                    "ARENA_S13_Division6",
                    "ARENA_S13_Division7",
                    "ARENA_S13_Division8",
                    "ARENA_S13_Division9",
                    "ARENA_S13_Division10"
                ],
                "round": 4,
                "scoreLocations": [],
                "teammateEligibility": "any",
                "visibility": "public"
            },
            {
                "additionalRequirements": [],
                "beginTime": "2024-02-29T21:56:59Z",
                "blackoutPeriods": [],
                "canLiveSpectate": false,
                "countdownBeginTime": "2023-06-15T15:00:00.000Z",
                "endTime": "9999-12-31T23:59:59.000Z",
                "eventTemplateId": "eventTemplate_Arena_S13_Division6_Solo",
                "eventWindowId": "Arena_S13_Division6_Solo",
                "isTBD": false,
                "metadata": {
                    "RoundType": "Arena",
                    "ThresholdToAdvanceDivision": 4500,
                    "divisionRank": 5
                },
                "payoutDelay": 30,
                "requireAllTokens": [
                    "ARENA_S13_Division6"
                ],
                "requireAllTokensCaller": [],
                "requireAnyTokens": [],
                "requireAnyTokensCaller": [],
                "requireNoneTokensCaller": [
                    "ARENA_S13_Division1",
                    "ARENA_S13_Division2",
                    "ARENA_S13_Division3",
                    "ARENA_S13_Division4",
                    "ARENA_S13_Division5",
                    "ARENA_S13_Division7",
                    "ARENA_S13_Division8",
                    "ARENA_S13_Division9",
                    "ARENA_S13_Division10"
                ],
                "round": 5,
                "scoreLocations": [],
                "teammateEligibility": "any",
                "visibility": "public"
            },
            {
                "additionalRequirements": [],
                "beginTime": "2024-02-29T21:56:59Z",
                "blackoutPeriods": [],
                "canLiveSpectate": false,
                "countdownBeginTime": "2023-06-15T15:00:00.000Z",
                "endTime": "9999-12-31T23:59:59.000Z",
                "eventTemplateId": "eventTemplate_Arena_S13_Division7_Solo",
                "eventWindowId": "Arena_S13_Division7_Solo",
                "isTBD": true,
                "metadata": {
                    "RoundType": "Arena",
                    "ThresholdToAdvanceDivision": 6500,
                    "divisionRank": 6
                },
                "payoutDelay": 30,
                "requireAllTokens": [
                    "ARENA_S13_Division7"
                ],
                "requireAllTokensCaller": [],
                "requireAnyTokens": [],
                "requireAnyTokensCaller": [],
                "requireNoneTokensCaller": [
                    "ARENA_S13_Division1",
                    "ARENA_S13_Division2",
                    "ARENA_S13_Division3",
                    "ARENA_S13_Division4",
                    "ARENA_S13_Division5",
                    "ARENA_S13_Division6",
                    "ARENA_S13_Division8",
                    "ARENA_S13_Division9",
                    "ARENA_S13_Division10"
                ],
                "round": 6,
                "scoreLocations": [],
                "teammateEligibility": "any",
                "visibility": "public"
            },
            {
                "additionalRequirements": [],
                "beginTime": "2024-02-29T21:56:59Z",
                "blackoutPeriods": [],
                "canLiveSpectate": false,
                "countdownBeginTime": "2023-06-15T15:00:00.000Z",
                "endTime": "9999-12-31T23:59:59.000Z",
                "eventTemplateId": "eventTemplate_Arena_S13_Division8_Solo",
                "eventWindowId": "Arena_S13_Division8_Solo",
                "isTBD": true,
                "metadata": {
                    "RoundType": "Arena",
                    "ThresholdToAdvanceDivision": 10000,
                    "divisionRank": 7
                },
                "payoutDelay": 30,
                "requireAllTokens": [
                    "ARENA_S13_Division8"
                ],
                "requireAllTokensCaller": [],
                "requireAnyTokens": [],
                "requireAnyTokensCaller": [],
                "requireNoneTokensCaller": [
                    "ARENA_S13_Division1",
                    "ARENA_S13_Division2",
                    "ARENA_S13_Division3",
                    "ARENA_S13_Division4",
                    "ARENA_S13_Division5",
                    "ARENA_S13_Division6",
                    "ARENA_S13_Division7",
                    "ARENA_S13_Division9",
                    "ARENA_S13_Division10"
                ],
                "round": 7,
                "scoreLocations": [],
                "teammateEligibility": "any",
                "visibility": "public"
            },
            {
                "additionalRequirements": [],
                "beginTime": "2024-02-29T21:56:59Z",
                "blackoutPeriods": [],
                "canLiveSpectate": false,
                "countdownBeginTime": "2023-06-15T15:00:00.000Z",
                "endTime": "9999-12-31T23:59:59.000Z",
                "eventTemplateId": "eventTemplate_Arena_S13_Division9_Solo",
                "eventWindowId": "Arena_S13_Division9_Solo",
                "isTBD": true,
                "metadata": {
                    "RoundType": "Arena",
                    "ThresholdToAdvanceDivision": 13999,
                    "divisionRank": 8
                },
                "payoutDelay": 30,
                "requireAllTokens": [
                    "ARENA_S13_Division9"
                ],
                "requireAllTokensCaller": [],
                "requireAnyTokens": [],
                "requireAnyTokensCaller": [],
                "requireNoneTokensCaller": [
                    "ARENA_S13_Division1",
                    "ARENA_S13_Division2",
                    "ARENA_S13_Division3",
                    "ARENA_S13_Division4",
                    "ARENA_S13_Division5",
                    "ARENA_S13_Division6",
                    "ARENA_S13_Division7",
                    "ARENA_S13_Division8",
                    "ARENA_S13_Division10"
                ],
                "round": 8,
                "scoreLocations": [],
                "teammateEligibility": "any",
                "visibility": "public"
            },
            {
                "additionalRequirements": [],
                "beginTime": "2024-02-29T21:56:59Z",
                "blackoutPeriods": [],
                "canLiveSpectate": false,
                "countdownBeginTime": "2023-06-15T15:00:00.000Z",
                "endTime": "9999-12-31T23:59:59.000Z",
                "eventTemplateId": "eventTemplate_Arena_S13_Division10_Solo",
                "eventWindowId": "Arena_S13_Division10_Solo",
                "isTBD": true,
                "metadata": {
                    "RoundType": "Arena",
                    "ThresholdToAdvanceDivision": 14000,
                    "divisionRank": 9
                },
                "payoutDelay": 30,
                "requireAllTokens": [
                    "ARENA_S13_Division10"
                ],
                "requireAllTokensCaller": [],
                "requireAnyTokens": [],
                "requireAnyTokensCaller": [],
                "requireNoneTokensCaller": [
                    "ARENA_S13_Division1",
                    "ARENA_S13_Division2",
                    "ARENA_S13_Division3",
                    "ARENA_S13_Division4",
                    "ARENA_S13_Division5",
                    "ARENA_S13_Division6",
                    "ARENA_S13_Division7",
                    "ARENA_S13_Division9",
                    "ARENA_S13_Division8"
                ],
                "round": 9,
                "scoreLocations": [],
                "teammateEligibility": "any",
                "visibility": "public"
            }
        ],
        "gameId": "Fortnite",
        "link": null,
        "metadata": {
            "TrackedStats": [
                "PLACEMENT_STAT_INDEX",
                "TEAM_ELIMS_STAT_INDEX",
                "MATCH_PLAYED_STAT"
            ],
            "minimumAccountLevel": 25
        },
        "platformMappings": {},
        "platforms": [
            "PS4",
            "XboxOne",
            "Switch",
            "Android",
            "IOS",
            "Windows"
        ],
        "regionMappings": {},
        "regions": [
            "NAE",
            "ME",
            "NAW",
            "OCE",
            "ASIA",
            "EU",
            "BR"
        ]
    }
]