{
    "namespace": "fn",
    "accountId": "epic",
    "creatorName": "Epic",
    "mnemonic": "set_br_playlists",
    "linkType": "ModeSet",
    "metadata": {
        "image_url": "https://cdn2.unrealengine.com/ogbr-logo-1920-1920x1080-642ac8e12fc1.jpg",
        "image_urls": {
            "url_s": "https://cdn2.unrealengine.com/ogbr-logo-480-480x270-2d0521c07edc.jpg",
            "url_xs": "https://cdn2.unrealengine.com/ogbr-logo-256-256x144-25b34d79ca46.jpg",
            "url_m": "https://cdn2.unrealengine.com/ogbr-logo-640-640x360-50590a2dfe12.jpg",
            "url": "https://cdn2.unrealengine.com/ogbr-logo-1920-1920x1080-642ac8e12fc1.jpg"
        },
        "title": "Battle Royale",
        "locale": "en",
        "video_vuid": "CaGHsWoMJxMGUDasbB",
        "sub_link_codes": [
            "playlist_defaultsolo",
            "playlist_defaultduo",
            "playlist_trios",
            "playlist_defaultsquad"
        ],
        "alt_title": {
            "de": "Battle Royale",
            "ru": "Королевская битва",
            "ko": "배틀로얄",
            "pt-BR": "Battle Royale",
            "it": "Battaglia reale",
            "fr": "Battle Royale",
            "zh-CN": "",
            "es": "Battle Royale",
            "es-MX": "Batalla campal",
            "zh": "",
            "ar": "باتل رويال",
            "zh-Hant": "",
            "ja": "バトルロイヤル",
            "pl": "Battle Royale",
            "es-419": "Batalla campal",
            "tr": "Battle Royale"
        },
        "alt_tagline": {
            "de": "Überlebe allein in einer Schlacht bis auf den letzten Spieler.",
            "ru": "Отправляйтесь на битву в одиночку и переживите всех соперников.",
            "ko": "죽느냐 사느냐... 혼자서 싸우는 서바이벌 혈투!",
            "pt-BR": "Entre sozinho em uma batalha para ser o último sobrevivente.",
            "it": "Combatti in solitaria fino a diventare l'ultimo superstite.",
            "fr": "Combattez en solitaire et soyez le dernier survivant.",
            "zh-CN": "",
            "es": "Entra en solitario en un combate para ser el último en pie.",
            "es-MX": "Entra por tu cuenta a un combate y pelea hasta que solo quedes tú en pie.",
            "zh": "",
            "ar": "خُض المعركة بمفردك لتصبح آخر من يتبقى من اللاعبين.",
            "zh-Hant": "",
            "ja": "単身でバトルに飛び込み、最後の1人になるまで生き残れ。",
            "pl": "Walcz samotnie w bitwie do ostatniego.",
            "es-419": "Entra por tu cuenta a un combate y pelea hasta que solo quedes tú en pie.",
            "tr": "Savaşa tek başına gir ve hayatta kalan son kişi ol."
        },
        "product_tag": "Product.BR.Build",
        "fallback_links": {
            "graceful": "playlist_respawn_24_alt"
        },
        "tagline": "The battle is building! \r\n Drop into the Battle Royale. Loot, build, explore, and fight in a game of 100 players competing to be the last one standing.",
        "corresponding_sets": {
            "ranked": "set_habanero_playlists"
        },
        "default_sub_link_code": "playlist_defaultsquad"
    },
    "version": 1,
    "active": true,
    "disabled": false,
    "created": "2022-06-30T17:57:54.767Z",
    "published": "2023-11-16T17:00:34.973Z",
    "descriptionTags": [],
    "moderationStatus": "Approved",
    "lastActivatedDate": "2022-06-30T17:57:54.770Z",
    "discoveryIntent": "PUBLIC"
  }