{
    "Panels": [
      {
        "PanelName": "ByEpicNoBigBattle6Col",
        "Pages": [
          {
            "results": [
              {  
                "linkData": {
                  "namespace": "fn",
                  "mnemonic": "playlist_papaya",
                  "linkType": "BR:Playlist",
                  "active": true,
                  "disabled": false,
                  "version": 95,
                  "moderationStatus": "Unmoderated",
                  "accountId": "epic",
                  "creatorName": "Epic",
                  "descriptionTags": [],
                  "metadata": {
                    "image_url": "https://cdn2.unrealengine.com/partyroyale-1920-1920x1080-7001724bc7ab.jpg",
                    "matchmaking": {
                      "override_playlist": "playlist_papaya"
                    }
                  }
                },
                "lastVisited": null,
                "linkCode": "playlist_papaya",
                "isFavorite": false
              },
              {
                "linkData": {
                  "namespace": "fn",
                  "mnemonic": "playlist_defaultsolo",
                  "linkType": "BR:Playlist",
                  "active": true,
                  "disabled": false,
                  "version": 95,
                  "moderationStatus": "Unmoderated",
                  "accountId": "epic",
                  "creatorName": "Epic",
                  "descriptionTags": [],
                  "metadata": {
                    "image_url": "https://cdn2.unrealengine.com/25br-solo-1920-1920x1080-f447350aee68.jpg",
                    "matchmaking": {
                      "override_playlist": "playlist_defaultsolo"
                    }
                  }
                },
                "lastVisited": null,
                "linkCode": "playlist_defaultsolo",
                "isFavorite": false
              },

             

              { "//":"Arena image fix here and PlaylistID added   -d67  -ducki67",
                "linkData": {
                  "namespace": "fn",
                  "mnemonic": "playlist_showdownalt_solo",
                  "linkType": "BR:Playlist",
                  "active": true,
                  "disabled": false,
                  "version": 95,
                  "moderationStatus": "Unmoderated",
                  "accountId": "epic",
                  "creatorName": "Epic",
                  "descriptionTags": [],
                  "metadata": {
                    "image_url": "https://static.wikia.nocookie.net/fortnite/images/f/fa/Late_Game_Arena_-_Mode_-_Fortnite.jpg/revision/latest/scale-to-width-down/1000?cb=20211004231753.jpg",
                    "matchmaking": {
                      "override_playlist": "playlist_showdownalt_solo"
                    }
                  }
                },
                "lastVisited": null,
                "linkCode": "playlist_showdownalt_solo",
                "isFavorite": false
              },



              {
                "linkData": {
                  "namespace": "fn",
                  "mnemonic": "playlist_defaultduo",
                  "linkType": "BR:Playlist",
                  "active": true,
                  "disabled": false,
                  "version": 95,
                  "moderationStatus": "Unmoderated",
                  "accountId": "epic",
                  "creatorName": "Epic",
                  "descriptionTags": [],
                  "metadata": {
                    "image_url": "https://cdn2.unrealengine.com/25br-duos-1920-1920x1080-8b0ad8cc6fd4.jpg",
                    "matchmaking": {
                      "override_playlist": "playlist_defaultduo"
                    }
                  }
                },
                "lastVisited": null,
                "linkCode": "playlist_defaultduo",
                "isFavorite": false
              },
              {
                "linkData": {
                  "namespace": "fn",
                  "mnemonic": "playlist_trios",
                  "linkType": "BR:Playlist",
                  "active": true,
                  "disabled": false,
                  "version": 95,
                  "moderationStatus": "Unmoderated",
                  "accountId": "epic",
                  "creatorName": "Epic",
                  "descriptionTags": [],
                  "metadata": {
                    "image_url": "https://cdn2.unrealengine.com/25br-trios-1920-1920x1080-9866e812b10c.jpg",
                    "matchmaking": {
                      "override_playlist": "playlist_trios"
                    }
                  }
                },
                "lastVisited": null,
                "linkCode": "playlist_trios",
                "isFavorite": false
              },
              {
                "linkData": {
                  "namespace": "fn",
                  "mnemonic": "playlist_defaultsquad",
                  "linkType": "BR:Playlist",
                  "active": true,
                  "disabled": false,
                  "version": 95,
                  "moderationStatus": "Unmoderated",
                  "accountId": "epic",
                  "creatorName": "Epic",
                  "descriptionTags": [],
                  "metadata": {
                    "image_url": "https://cdn2.unrealengine.com/25br-squads-1920-1920x1080-d515b42c587f.jpg",
                    "matchmaking": {
                      "override_playlist": "playlist_defaultsquad"
                    }
                  }
                },
                "lastVisited": null,
                "linkCode": "playlist_defaultsquad",
                "isFavorite": false
              }
            ],
            "hasMore": false
          }     
        ]
      }
    ],
    "TestCohorts": [
      "testing"
    ],
    "ModeSets": {}
  }