{
    "refreshIntervalHrs": 24,
    "dailyPurchaseHrs": 24,
    "expiration": "2024-12-13T23:59:00.000Z",
    "storefronts": [
        {
            "name": "BRDailyStorefront",
            "catalogEntries": [
                {
                    "offerId": ":/2515bd6e-2ae0-433a-a9c3-84bbf7075287",
                    "offerType": "StaticPrice",
                    "devName": "[VIRTUAL] 1x AthenaDance:EID_Stallion for 500 MtxCurrency",
                    "itemGrants": [
                        {
                            "templateId": "AthenaDance:EID_Stallion",
                            "quantity": 1
                        }
                    ],
                    "requirements": [
                        {
                            "requirementType": "DenyOnItemOwnership",
                            "requiredId": "AthenaDance:EID_Stallion",
                            "minQuantity": 1
                        }
                    ],
                    "categories": [],
                    "metaInfo": [
                        {
                            "key": "TileSize",
                            "value": "Small"
                        },
                        {
                            "key": "SectionId",
                            "value": "Daily"
                        }
                    ],
                    "meta": {
                        "SectionId": "Daily",
                        "TileSize": "Small"
                    },
                    "giftInfo": {
                        "bIsEnabled": true,
                        "forcedGiftBoxTemplateId": "",
                        "purchaseRequirements": [
                            {
                                "requirementType": "DenyOnItemOwnership",
                                "requiredId": "AthenaDance:EID_Stallion",
                                "minQuantity": 1
                            }
                        ],
                        "giftRecordIds": []
                    },
                    "prices": [
                        {
                            "currencySubType": "Currency",
                            "currencyType": "MtxCurrency",
                            "dynamicRegularPrice": -1,
                            "saleExpiration": "9999-12-31T23:59:59.999Z",
                            "basePrice": 0,
                            "regularPrice": 0,
                            "finalPrice": 0
                        }
                    ],
                    "bannerOverride": "",
                    "displayAssetPath": "",
                    "NewDisplayAssetPath": "",
                    "refundable": true,
                    "title": "",
                    "description": "",
                    "shortDescription": "",
                    "appStoreId": [],
                    "fulfillmentIds": [],
                    "dailyLimit": -1,
                    "weeklyLimit": -1,
                    "monthlyLimit": -1,
                    "sortPriority": 0,
                    "catalogGroupPriority": 0,
                    "filterWeight": 0
                },
                {
                    "offerId": ":/d986f2df-6b4e-4ef3-8cd8-d51949d725f0",
                    "offerType": "StaticPrice",
                    "devName": "[VIRTUAL] 1x AthenaCharacter:Character_StallionSmoke for 1200 MtxCurrency",
                    "itemGrants": [
                        {
                            "templateId": "AthenaCharacter:Character_StallionSmoke",
                            "quantity": 1
                        }
                    ],
                    "requirements": [
                        {
                            "requirementType": "DenyOnItemOwnership",
                            "requiredId": "AthenaCharacter:Character_StallionSmoke",
                            "minQuantity": 1
                        }
                    ],
                    "categories": [],
                    "metaInfo": [
                        {
                            "key": "TileSize",
                            "value": "Small"
                        },
                        {
                            "key": "SectionId",
                            "value": "Daily"
                        }
                    ],
                    "meta": {
                        "SectionId": "Daily",
                        "TileSize": "Small"
                    },
                    "giftInfo": {
                        "bIsEnabled": true,
                        "forcedGiftBoxTemplateId": "",
                        "purchaseRequirements": [
                            {
                                "requirementType": "DenyOnItemOwnership",
                                "requiredId": "AthenaCharacter:Character_StallionSmoke",
                                "minQuantity": 1
                            }
                        ],
                        "giftRecordIds": []
                    },
                    "prices": [
                        {
                            "currencySubType": "Currency",
                            "currencyType": "MtxCurrency",
                            "dynamicRegularPrice": -1,
                            "saleExpiration": "9999-12-31T23:59:59.999Z",
                            "basePrice": 1200,
                            "regularPrice": 1200,
                            "finalPrice": 1200
                        }
                    ],
                    "bannerOverride": "",
                    "displayAssetPath": "",
                    "NewDisplayAssetPath": "",
                    "refundable": true,
                    "title": "",
                    "description": "",
                    "shortDescription": "",
                    "appStoreId": [],
                    "fulfillmentIds": [],
                    "dailyLimit": -1,
                    "weeklyLimit": -1,
                    "monthlyLimit": -1,
                    "sortPriority": 0,
                    "catalogGroupPriority": 0,
                    "filterWeight": 0
                },
                {
                    "offerId": ":/094a8024-3ae0-4901-8d1b-fd427842d67d",
                    "offerType": "StaticPrice",
                    "devName": "[VIRTUAL] 1x AthenaCharacter:Character_StallionAviator for 1500 MtxCurrency",
                    "itemGrants": [
                        {
                            "templateId": "AthenaCharacter:Character_StallionAviator",
                            "quantity": 1
                        }
                    ],
                    "requirements": [
                        {
                            "requirementType": "DenyOnItemOwnership",
                            "requiredId": "AthenaCharacter:Character_StallionAviator",
                            "minQuantity": 1
                        }
                    ],
                    "categories": [],
                    "metaInfo": [
                        {
                            "key": "TileSize",
                            "value": "Small"
                        },
                        {
                            "key": "SectionId",
                            "value": "Daily"
                        }
                    ],
                    "meta": {
                        "SectionId": "Daily",
                        "TileSize": "Small"
                    },
                    "giftInfo": {
                        "bIsEnabled": true,
                        "forcedGiftBoxTemplateId": "",
                        "purchaseRequirements": [
                            {
                                "requirementType": "DenyOnItemOwnership",
                                "requiredId": "AthenaCharacter:Character_StallionAviator",
                                "minQuantity": 1
                            }
                        ],
                        "giftRecordIds": []
                    },
                    "prices": [
                        {
                            "currencySubType": "Currency",
                            "currencyType": "MtxCurrency",
                            "dynamicRegularPrice": -1,
                            "saleExpiration": "9999-12-31T23:59:59.999Z",
                            "basePrice": 1500,
                            "regularPrice": 1500,
                            "finalPrice": 1500
                        }
                    ],
                    "bannerOverride": "",
                    "displayAssetPath": "",
                    "NewDisplayAssetPath": "",
                    "refundable": true,
                    "title": "",
                    "description": "",
                    "shortDescription": "",
                    "appStoreId": [],
                    "fulfillmentIds": [],
                    "dailyLimit": -1,
                    "weeklyLimit": -1,
                    "monthlyLimit": -1,
                    "sortPriority": 0,
                    "catalogGroupPriority": 0,
                    "filterWeight": 0
                },
                {
                    "offerId": ":/f2e2bb20-18bd-4481-ab8d-7f51cf5cf25b",
                    "offerType": "StaticPrice",
                    "devName": "[VIRTUAL] 1x AthenaItemWrap:Wrap_237_NeonPulse for 300 MtxCurrency",
                    "itemGrants": [
                        {
                            "templateId": "AthenaItemWrap:Wrap_237_NeonPulse",
                            "quantity": 1
                        }
                    ],
                    "requirements": [
                        {
                            "requirementType": "DenyOnItemOwnership",
                            "requiredId": "AthenaItemWrap:Wrap_237_NeonPulse",
                            "minQuantity": 1
                        }
                    ],
                    "categories": [],
                    "metaInfo": [
                        {
                            "key": "TileSize",
                            "value": "Small"
                        },
                        {
                            "key": "SectionId",
                            "value": "Daily"
                        }
                    ],
                    "meta": {
                        "SectionId": "Daily",
                        "TileSize": "Small"
                    },
                    "giftInfo": {
                        "bIsEnabled": true,
                        "forcedGiftBoxTemplateId": "",
                        "purchaseRequirements": [
                            {
                                "requirementType": "DenyOnItemOwnership",
                                "requiredId": "AthenaItemWrap:Wrap_237_NeonPulse",
                                "minQuantity": 1
                            }
                        ],
                        "giftRecordIds": []
                    },
                    "prices": [
                        {
                            "currencySubType": "Currency",
                            "currencyType": "MtxCurrency",
                            "dynamicRegularPrice": -1,
                            "saleExpiration": "9999-12-31T23:59:59.999Z",
                            "basePrice": 300,
                            "regularPrice": 300,
                            "finalPrice": 300
                        }
                    ],
                    "bannerOverride": "",
                    "displayAssetPath": "",
                    "NewDisplayAssetPath": "",
                    "refundable": true,
                    "title": "",
                    "description": "",
                    "shortDescription": "",
                    "appStoreId": [],
                    "fulfillmentIds": [],
                    "dailyLimit": -1,
                    "weeklyLimit": -1,
                    "monthlyLimit": -1,
                    "sortPriority": 0,
                    "catalogGroupPriority": 0,
                    "filterWeight": 0
                },
                {
                    "offerId": ":/a05f3b3f-4c9b-4831-918e-e7239089e96a",
                    "offerType": "StaticPrice",
                    "devName": "[VIRTUAL] 1x AthenaGlider:Glider_Warthog for 800 MtxCurrency",
                    "itemGrants": [
                        {
                            "templateId": "AthenaGlider:Glider_Warthog",
                            "quantity": 1
                        }
                    ],
                    "requirements": [
                        {
                            "requirementType": "DenyOnItemOwnership",
                            "requiredId": "AthenaGlider:Glider_Warthog",
                            "minQuantity": 1
                        }
                    ],
                    "categories": [],
                    "metaInfo": [
                        {
                            "key": "TileSize",
                            "value": "Small"
                        },
                        {
                            "key": "SectionId",
                            "value": "Daily"
                        }
                    ],
                    "meta": {
                        "SectionId": "Daily",
                        "TileSize": "Small"
                    },
                    "giftInfo": {
                        "bIsEnabled": true,
                        "forcedGiftBoxTemplateId": "",
                        "purchaseRequirements": [
                            {
                                "requirementType": "DenyOnItemOwnership",
                                "requiredId": "AthenaGlider:Glider_Warthog",
                                "minQuantity": 1
                            }
                        ],
                        "giftRecordIds": []
                    },
                    "prices": [
                        {
                            "currencySubType": "Currency",
                            "currencyType": "MtxCurrency",
                            "dynamicRegularPrice": -1,
                            "saleExpiration": "9999-12-31T23:59:59.999Z",
                            "basePrice": 800,
                            "regularPrice": 800,
                            "finalPrice": 800
                        }
                    ],
                    "bannerOverride": "",
                    "displayAssetPath": "",
                    "NewDisplayAssetPath": "",
                    "refundable": true,
                    "title": "",
                    "description": "",
                    "shortDescription": "",
                    "appStoreId": [],
                    "fulfillmentIds": [],
                    "dailyLimit": -1,
                    "weeklyLimit": -1,
                    "monthlyLimit": -1,
                    "sortPriority": 0,
                    "catalogGroupPriority": 0,
                    "filterWeight": 0
                },
                {
                    "offerId": ":/1c6589ea-af3c-40d3-8b42-013eabc2625c",
                    "offerType": "StaticPrice",
                    "devName": "[VIRTUAL] 1x AthenaGlider:Umbrella_Lettuce for 1200 MtxCurrency",
                    "itemGrants": [
                        {
                            "templateId": "AthenaGlider:Umbrella_Lettuce",
                            "quantity": 1
                        }
                    ],
                    "requirements": [
                        {
                            "requirementType": "DenyOnItemOwnership",
                            "requiredId": "AthenaGlider:Umbrella_Lettuce",
                            "minQuantity": 1
                        }
                    ],
                    "categories": [],
                    "metaInfo": [
                        {
                            "key": "TileSize",
                            "value": "Small"
                        },
                        {
                            "key": "SectionId",
                            "value": "Daily"
                        }
                    ],
                    "meta": {
                        "SectionId": "Daily",
                        "TileSize": "Small"
                    },
                    "giftInfo": {
                        "bIsEnabled": true,
                        "forcedGiftBoxTemplateId": "",
                        "purchaseRequirements": [
                            {
                                "requirementType": "DenyOnItemOwnership",
                                "requiredId": "AthenaGlider:Umbrella_Lettuce",
                                "minQuantity": 1
                            }
                        ],
                        "giftRecordIds": []
                    },
                    "prices": [
                        {
                            "currencySubType": "Currency",
                            "currencyType": "MtxCurrency",
                            "dynamicRegularPrice": -1,
                            "saleExpiration": "9999-12-31T23:59:59.999Z",
                            "basePrice": 50,
                            "regularPrice": 50,
                            "finalPrice": 50
                        }
                    ],
                    "bannerOverride": "",
                    "displayAssetPath": "",
                    "NewDisplayAssetPath": "",
                    "refundable": true,
                    "title": "",
                    "description": "",
                    "shortDescription": "",
                    "appStoreId": [],
                    "fulfillmentIds": [],
                    "dailyLimit": -1,
                    "weeklyLimit": -1,
                    "monthlyLimit": -1,
                    "sortPriority": 0,
                    "catalogGroupPriority": 0,
                    "filterWeight": 0
                }
            ]
        },
        {
            "name": "BRWeeklyStorefront",
            "catalogEntries": [
                {
                    "offerId": "v2:/1bbfa1df-8ff9-4b99-818f-06b1833b97c2",
                    "offerType": "StaticPrice",
                    "devName": "[VIRTUAL] 1x AthenaPickaxe:Pickaxe_ID_376_FNCS for 2000 MtxCurrency",
                    "itemGrants": [
                        {
                            "templateId": "AthenaPickaxe:Pickaxe_ID_376_FNCS",
                            "quantity": 1
                        }
                    ],
                    "requirements": [
                        {
                            "requirementType": "DenyOnItemOwnership",
                            "requiredId": "AthenaPickaxe:Pickaxe_ID_376_FNCS",
                            "minQuantity": 1
                        }
                    ],
                    "categories": [
                        "Krampus"
                    ],
                    "metaInfo": [
                        {
                            "key": "DisplayAssetPath",
                            "value": "/Game/Catalog/DisplayAssets/DA_Featured_Pickaxe_ID_376_FNCS.DA_Featured_Pickaxe_ID_376_FNCS"
                        },
                        {
                            "key": "NewDisplayAssetPath",
                            "value": "/Game/Catalog/NewDisplayAssets/DAv2_Featured_Pickaxe_ID_376_FNCS.DAv2_Featured_Pickaxe_ID_376_FNCS"
                        },
                        {
                            "key": "TileSize",
                            "value": "Normal"
                        },
                        {
                            "key": "SectionId",
                            "value": "Featured"
                        }
                    ],
                    "meta": {
                        "NewDisplayAssetPath": "/Game/Catalog/NewDisplayAssets/DAv2_Featured_Pickaxe_ID_376_FNCS.DAv2_Featured_Pickaxe_ID_376_FNCS",
                        "displayAssetPath": "/Game/Catalog/DisplayAssets/DA_Featured_Pickaxe_ID_376_FNCS.DA_Featured_Pickaxe_ID_376_FNCS",
                        "SectionId": "Featured",
                        "TileSize": "Normal"
                    },
                    "giftInfo": {
                        "bIsEnabled": true,
                        "forcedGiftBoxTemplateId": "",
                        "purchaseRequirements": [
                            {
                                "requirementType": "DenyOnItemOwnership",
                                "requiredId": "AthenaPickaxe:Pickaxe_ID_376_FNCS",
                                "minQuantity": 1
                            }
                        ],
                        "giftRecordIds": []
                    },
                    "prices": [
                        {
                            "currencySubType": "Currency",
                            "currencyType": "MtxCurrency",
                            "dynamicRegularPrice": -1,
                            "saleExpiration": "9999-12-31T23:59:59.999Z",
                            "basePrice": 2000,
                            "regularPrice": 2000,
                            "finalPrice": 2000
                        }
                    ],
                    "bannerOverride": "",
                    "displayAssetPath": "/Game/Catalog/DisplayAssets/DA_Featured_Pickaxe_ID_376_FNCS.DA_Featured_Pickaxe_ID_376_FNCS",
                    "NewDisplayAssetPath": "/Game/Catalog/NewDisplayAssets/DAv2_Featured_Pickaxe_ID_376_FNCS.DAv2_Featured_Pickaxe_ID_376_FNCS",
                    "refundable": true,
                    "title": "",
                    "description": "",
                    "shortDescription": "",
                    "appStoreId": [],
                    "fulfillmentIds": [],
                    "dailyLimit": -1,
                    "weeklyLimit": -1,
                    "monthlyLimit": -1,
                    "sortPriority": 0,
                    "catalogGroupPriority": 0,
                    "filterWeight": 0
                },
                {
                    "offerId": "v2:/75641d3b-16c8-4e0f-bdbb-a7a14ad54a8b",
                    "offerType": "StaticPrice",
                    "devName": "[VIRTUAL] 1x AthenaPickaxe:Pickaxe_ID_804_FNCSS20Male for 1200 MtxCurrency",
                    "itemGrants": [
                        {
                            "templateId": "AthenaPickaxe:Pickaxe_ID_804_FNCSS20Male",
                            "quantity": 1
                        }
                    ],
                    "requirements": [
                        {
                            "requirementType": "DenyOnItemOwnership",
                            "requiredId": "AthenaPickaxe:Pickaxe_ID_804_FNCSS20Male",
                            "minQuantity": 1
                        }
                    ],
                    "categories": [
                        "Krampus"
                    ],
                    "metaInfo": [
                        {
                            "key": "DisplayAssetPath",
                            "value": "/Game/Catalog/DisplayAssets/DA_Featured_Pickaxe_ID_804_FNCSS20Male.DA_Featured_Pickaxe_ID_804_FNCSS20Male"
                        },
                        {
                            "key": "NewDisplayAssetPath",
                            "value": "/Game/Catalog/NewDisplayAssets/DAv2_Featured_Pickaxe_ID_804_FNCSS20Male.DAv2_Featured_Pickaxe_ID_804_FNCSS20Male"
                        },
                        {
                            "key": "TileSize",
                            "value": "Normal"
                        },
                        {
                            "key": "SectionId",
                            "value": "Featured"
                        }
                    ],
                    "meta": {
                        "NewDisplayAssetPath": "/Game/Catalog/NewDisplayAssets/DAv2_Featured_Pickaxe_ID_804_FNCSS20Male.DAv2_Featured_Pickaxe_ID_804_FNCSS20Male",
                        "displayAssetPath": "/Game/Catalog/DisplayAssets/DA_Featured_Pickaxe_ID_804_FNCSS20Male.DA_Featured_Pickaxe_ID_804_FNCSS20Male",
                        "SectionId": "Featured",
                        "TileSize": "Normal"
                    },
                    "giftInfo": {
                        "bIsEnabled": true,
                        "forcedGiftBoxTemplateId": "",
                        "purchaseRequirements": [
                            {
                                "requirementType": "DenyOnItemOwnership",
                                "requiredId": "AthenaPickaxe:Pickaxe_ID_804_FNCSS20Male",
                                "minQuantity": 1
                            }
                        ],
                        "giftRecordIds": []
                    },
                    "prices": [
                        {
                            "currencySubType": "Currency",
                            "currencyType": "MtxCurrency",
                            "dynamicRegularPrice": -1,
                            "saleExpiration": "9999-12-31T23:59:59.999Z",
                            "basePrice": 1200,
                            "regularPrice": 1200,
                            "finalPrice": 1200
                        }
                    ],
                    "bannerOverride": "",
                    "displayAssetPath": "/Game/Catalog/DisplayAssets/DA_Featured_Pickaxe_ID_804_FNCSS20Male.DA_Featured_Pickaxe_ID_804_FNCSS20Male",
                    "NewDisplayAssetPath": "/Game/Catalog/NewDisplayAssets/DAv2_Featured_Pickaxe_ID_804_FNCSS20Male.DAv2_Featured_Pickaxe_ID_804_FNCSS20Male",
                    "refundable": true,
                    "title": "",
                    "description": "",
                    "shortDescription": "",
                    "appStoreId": [],
                    "fulfillmentIds": [],
                    "dailyLimit": -1,
                    "weeklyLimit": -1,
                    "monthlyLimit": -1,
                    "sortPriority": 0,
                    "catalogGroupPriority": 0,
                    "filterWeight": 0
                },
                {
                    "offerId": "v2:/2ea39456-69d9-40ca-b7ab-796a4b3edcbe",
                    "offerType": "StaticPrice",
                    "devName": "[VIRTUAL] 1x AthenaCharacter:CID_A_138_Athena_Commando_F_Foray_YQPB0 for 1500 MtxCurrency",
                    "itemGrants": [
                        {
                            "templateId": "AthenaCharacter:CID_A_138_Athena_Commando_F_Foray_YQPB0",
                            "quantity": 1
                        }
                    ],
                    "requirements": [
                        {
                            "requirementType": "DenyOnItemOwnership",
                            "requiredId": "AthenaCharacter:CID_A_138_Athena_Commando_F_Foray_YQPB0",
                            "minQuantity": 1
                        }
                    ],
                    "categories": [
                        "SnowNinja"
                    ],
                    "metaInfo": [
                        {
                            "key": "DisplayAssetPath",
                            "value": "/Game/Catalog/DisplayAssets/DA_Featured_CID_A_138_Athena_Commando_F_Foray_YQPB0.DA_Featured_CID_A_138_Athena_Commando_F_Foray_YQPB0"
                        },
                        {
                            "key": "NewDisplayAssetPath",
                            "value": "/Game/Catalog/NewDisplayAssets/DAv2_Featured_CID_A_138_Athena_Commando_F_Foray_YQPB0.DAv2_Featured_CID_A_138_Athena_Commando_F_Foray_YQPB0"
                        },
                        {
                            "key": "TileSize",
                            "value": "Normal"
                        },
                        {
                            "key": "SectionId",
                            "value": "Featured"
                        }
                    ],
                    "meta": {
                        "NewDisplayAssetPath": "/Game/Catalog/NewDisplayAssets/DAv2_Featured_CID_A_138_Athena_Commando_F_Foray_YQPB0.DAv2_Featured_CID_A_138_Athena_Commando_F_Foray_YQPB0",
                        "displayAssetPath": "/Game/Catalog/DisplayAssets/DA_Featured_CID_A_138_Athena_Commando_F_Foray_YQPB0.DA_Featured_CID_A_138_Athena_Commando_F_Foray_YQPB0",
                        "SectionId": "Featured",
                        "TileSize": "Normal"
                    },
                    "giftInfo": {
                        "bIsEnabled": true,
                        "forcedGiftBoxTemplateId": "",
                        "purchaseRequirements": [
                            {
                                "requirementType": "DenyOnItemOwnership",
                                "requiredId": "AthenaCharacter:CID_A_138_Athena_Commando_F_Foray_YQPB0",
                                "minQuantity": 1
                            }
                        ],
                        "giftRecordIds": []
                    },
                    "prices": [
                        {
                            "currencySubType": "Currency",
                            "currencyType": "MtxCurrency",
                            "dynamicRegularPrice": -1,
                            "saleExpiration": "9999-12-31T23:59:59.999Z",
                            "basePrice": 1500,
                            "regularPrice": 1500,
                            "finalPrice": 1500
                        }
                    ],
                    "bannerOverride": "",
                    "displayAssetPath": "/Game/Catalog/DisplayAssets/DA_Featured_CID_A_138_Athena_Commando_F_Foray_YQPB0.DA_Featured_CID_A_138_Athena_Commando_F_Foray_YQPB0",
                    "NewDisplayAssetPath": "/Game/Catalog/NewDisplayAssets/DAv2_Featured_CID_A_138_Athena_Commando_F_Foray_YQPB0.DAv2_Featured_CID_A_138_Athena_Commando_F_Foray_YQPB0",
                    "refundable": true,
                    "title": "",
                    "description": "",
                    "shortDescription": "",
                    "appStoreId": [],
                    "fulfillmentIds": [],
                    "dailyLimit": -1,
                    "weeklyLimit": -1,
                    "monthlyLimit": -1,
                    "sortPriority": 0,
                    "catalogGroupPriority": 0,
                    "filterWeight": 0
                },
                {
                    "offerId": "v2:/24eceae4-601c-44ce-8d36-d6f89a1a1d96",
                    "offerType": "StaticPrice",
                    "devName": "[VIRTUAL] 1x AthenaCharacter:CID_A_139_Athena_Commando_M_Foray_SD8AA for 1500 MtxCurrency",
                    "itemGrants": [
                        {
                            "templateId": "AthenaCharacter:CID_A_139_Athena_Commando_M_Foray_SD8AA",
                            "quantity": 1
                        }
                    ],
                    "requirements": [
                        {
                            "requirementType": "DenyOnItemOwnership",
                            "requiredId": "AthenaCharacter:CID_A_139_Athena_Commando_M_Foray_SD8AA",
                            "minQuantity": 1
                        }
                    ],
                    "categories": [
                        "SnowNinja"
                    ],
                    "metaInfo": [
                        {
                            "key": "DisplayAssetPath",
                            "value": "/Game/Catalog/DisplayAssets/DA_Featured_CID_A_139_Athena_Commando_M_Foray_SD8AA.DA_Featured_CID_A_139_Athena_Commando_M_Foray_SD8AA"
                        },
                        {
                            "key": "NewDisplayAssetPath",
                            "value": "/Game/Catalog/NewDisplayAssets/DAv2_Featured_CID_A_139_Athena_Commando_M_Foray_SD8AA.DAv2_Featured_CID_A_139_Athena_Commando_M_Foray_SD8AA"
                        },
                        {
                            "key": "TileSize",
                            "value": "Normal"
                        },
                        {
                            "key": "SectionId",
                            "value": "Featured"
                        }
                    ],
                    "meta": {
                        "NewDisplayAssetPath": "/Game/Catalog/NewDisplayAssets/DAv2_Featured_CID_A_139_Athena_Commando_M_Foray_SD8AA.DAv2_Featured_CID_A_139_Athena_Commando_M_Foray_SD8AA",
                        "displayAssetPath": "/Game/Catalog/DisplayAssets/DA_Featured_CID_A_139_Athena_Commando_M_Foray_SD8AA.DA_Featured_CID_A_139_Athena_Commando_M_Foray_SD8AA",
                        "SectionId": "Featured",
                        "TileSize": "Normal"
                    },
                    "giftInfo": {
                        "bIsEnabled": true,
                        "forcedGiftBoxTemplateId": "",
                        "purchaseRequirements": [
                            {
                                "requirementType": "DenyOnItemOwnership",
                                "requiredId": "AthenaCharacter:CID_A_139_Athena_Commando_M_Foray_SD8AA",
                                "minQuantity": 1
                            }
                        ],
                        "giftRecordIds": []
                    },
                    "prices": [
                        {
                            "currencySubType": "Currency",
                            "currencyType": "MtxCurrency",
                            "dynamicRegularPrice": -1,
                            "saleExpiration": "9999-12-31T23:59:59.999Z",
                            "basePrice": 1500,
                            "regularPrice": 1500,
                            "finalPrice": 1500
                        }
                    ],
                    "bannerOverride": "",
                    "displayAssetPath": "/Game/Catalog/DisplayAssets/DA_Featured_CID_A_139_Athena_Commando_M_Foray_SD8AA.DA_Featured_CID_A_139_Athena_Commando_M_Foray_SD8AA",
                    "NewDisplayAssetPath": "/Game/Catalog/NewDisplayAssets/DAv2_Featured_CID_A_139_Athena_Commando_M_Foray_SD8AA.DAv2_Featured_CID_A_139_Athena_Commando_M_Foray_SD8AA",
                    "refundable": true,
                    "title": "",
                    "description": "",
                    "shortDescription": "",
                    "appStoreId": [],
                    "fulfillmentIds": [],
                    "dailyLimit": -1,
                    "weeklyLimit": -1,
                    "monthlyLimit": -1,
                    "sortPriority": 0,
                    "catalogGroupPriority": 0,
                    "filterWeight": 0
                },
                {
                    "offerId": "v2:/1a8f08a7-ca95-4040-8e27-8884007d56b7",
                    "offerType": "StaticPrice",
                    "devName": "[VIRTUAL] 1x AthenaCharacter:CID_A_365_Athena_Commando_F_FNCS_Blue for 800 MtxCurrency",
                    "itemGrants": [
                        {
                            "templateId": "AthenaCharacter:CID_A_365_Athena_Commando_F_FNCS_Blue",
                            "quantity": 1
                        }
                    ],
                    "requirements": [
                        {
                            "requirementType": "DenyOnItemOwnership",
                            "requiredId": "AthenaCharacter:CID_A_365_Athena_Commando_F_FNCS_Blue",
                            "minQuantity": 1
                        }
                    ],
                    "categories": [
                        "AlwaysFrozen"
                    ],
                    "metaInfo": [
                        {
                            "key": "DisplayAssetPath",
                            "value": "/Game/Catalog/DisplayAssets/DA_Featured_CID_A_365_Athena_Commando_F_FNCS_Blue.DA_Featured_CID_A_365_Athena_Commando_F_FNCS_Blue"
                        },
                        {
                            "key": "NewDisplayAssetPath",
                            "value": "/Game/Catalog/NewDisplayAssets/DAv2_Featured_CID_A_365_Athena_Commando_F_FNCS_Blue.DAv2_Featured_CID_A_365_Athena_Commando_F_FNCS_Blue"
                        },
                        {
                            "key": "TileSize",
                            "value": "Normal"
                        },
                        {
                            "key": "SectionId",
                            "value": "Featured"
                        }
                    ],
                    "meta": {
                        "NewDisplayAssetPath": "/Game/Catalog/NewDisplayAssets/DAv2_Featured_CID_A_365_Athena_Commando_F_FNCS_Blue.DAv2_Featured_CID_A_365_Athena_Commando_F_FNCS_Blue",
                        "displayAssetPath": "/Game/Catalog/DisplayAssets/DA_Featured_CID_A_365_Athena_Commando_F_FNCS_Blue.DA_Featured_CID_A_365_Athena_Commando_F_FNCS_Blue",
                        "SectionId": "Featured",
                        "TileSize": "Normal"
                    },
                    "giftInfo": {
                        "bIsEnabled": true,
                        "forcedGiftBoxTemplateId": "",
                        "purchaseRequirements": [
                            {
                                "requirementType": "DenyOnItemOwnership",
                                "requiredId": "AthenaCharacter:CID_A_365_Athena_Commando_F_FNCS_Blue",
                                "minQuantity": 1
                            }
                        ],
                        "giftRecordIds": []
                    },
                    "prices": [
                        {
                            "currencySubType": "Currency",
                            "currencyType": "MtxCurrency",
                            "dynamicRegularPrice": -1,
                            "saleExpiration": "9999-12-31T23:59:59.999Z",
                            "basePrice": 800,
                            "regularPrice": 800,
                            "finalPrice": 800
                        }
                    ],
                    "bannerOverride": "",
                    "displayAssetPath": "/Game/Catalog/DisplayAssets/DA_Featured_CID_A_365_Athena_Commando_F_FNCS_Blue.DA_Featured_CID_A_365_Athena_Commando_F_FNCS_Blue",
                    "NewDisplayAssetPath": "/Game/Catalog/NewDisplayAssets/DAv2_Featured_CID_A_365_Athena_Commando_F_FNCS_Blue.DAv2_Featured_CID_A_365_Athena_Commando_F_FNCS_Blue",
                    "refundable": true,
                    "title": "",
                    "description": "",
                    "shortDescription": "",
                    "appStoreId": [],
                    "fulfillmentIds": [],
                    "dailyLimit": -1,
                    "weeklyLimit": -1,
                    "monthlyLimit": -1,
                    "sortPriority": 0,
                    "catalogGroupPriority": 0,
                    "filterWeight": 0
                },
                {
                    "offerId": "v2:/9db0dea9-c50e-46c2-ac3e-e7ef56b9f9ce",
                    "offerType": "StaticPrice",
                    "devName": "[VIRTUAL] 1x AthenaCharacter:CID_A_271_Athena_Commando_M_FNCS_Purple for 800 MtxCurrency",
                    "itemGrants": [
                        {
                            "templateId": "AthenaCharacter:CID_A_271_Athena_Commando_M_FNCS_Purple",
                            "quantity": 1
                        }
                    ],
                    "requirements": [
                        {
                            "requirementType": "DenyOnItemOwnership",
                            "requiredId": "AthenaCharacter:CID_A_271_Athena_Commando_M_FNCS_Purple",
                            "minQuantity": 1
                        }
                    ],
                    "categories": [
                        "AlwaysFrozen"
                    ],
                    "metaInfo": [
                        {
                            "key": "DisplayAssetPath",
                            "value": "/Game/Catalog/DisplayAssets/DA_Featured_CID_A_271_Athena_Commando_M_FNCS_Purple.DA_Featured_CID_A_271_Athena_Commando_M_FNCS_Purple"
                        },
                        {
                            "key": "NewDisplayAssetPath",
                            "value": "/Game/Catalog/NewDisplayAssets/DAv2_Featured_CID_A_271_Athena_Commando_M_FNCS_Purple.DAv2_Featured_CID_A_271_Athena_Commando_M_FNCS_Purple"
                        },
                        {
                            "key": "TileSize",
                            "value": "Normal"
                        },
                        {
                            "key": "SectionId",
                            "value": "Featured"
                        }
                    ],
                    "meta": {
                        "NewDisplayAssetPath": "/Game/Catalog/NewDisplayAssets/DAv2_Featured_CID_A_271_Athena_Commando_M_FNCS_Purple.DAv2_Featured_CID_A_271_Athena_Commando_M_FNCS_Purple",
                        "displayAssetPath": "/Game/Catalog/DisplayAssets/DA_Featured_CID_A_271_Athena_Commando_M_FNCS_Purple.DA_Featured_CID_A_271_Athena_Commando_M_FNCS_Purple",
                        "SectionId": "Featured",
                        "TileSize": "Normal"
                    },
                    "giftInfo": {
                        "bIsEnabled": true,
                        "forcedGiftBoxTemplateId": "",
                        "purchaseRequirements": [
                            {
                                "requirementType": "DenyOnItemOwnership",
                                "requiredId": "AthenaCharacter:CID_A_271_Athena_Commando_M_FNCS_Purple",
                                "minQuantity": 1
                            }
                        ],
                        "giftRecordIds": []
                    },
                    "prices": [
                        {
                            "currencySubType": "Currency",
                            "currencyType": "MtxCurrency",
                            "dynamicRegularPrice": -1,
                            "saleExpiration": "9999-12-31T23:59:59.999Z",
                            "basePrice": 800,
                            "regularPrice": 800,
                            "finalPrice": 800
                        }
                    ],
                    "bannerOverride": "",
                    "displayAssetPath": "/Game/Catalog/DisplayAssets/DA_Featured_CID_A_271_Athena_Commando_M_FNCS_Purple.DA_Featured_CID_A_271_Athena_Commando_M_FNCS_Purple",
                    "NewDisplayAssetPath": "/Game/Catalog/NewDisplayAssets/DAv2_Featured_CID_A_271_Athena_Commando_M_FNCS_Purple.DAv2_Featured_CID_A_271_Athena_Commando_M_FNCS_Purple",
                    "refundable": true,
                    "title": "",
                    "description": "",
                    "shortDescription": "",
                    "appStoreId": [],
                    "fulfillmentIds": [],
                    "dailyLimit": -1,
                    "weeklyLimit": -1,
                    "monthlyLimit": -1,
                    "sortPriority": 0,
                    "catalogGroupPriority": 0,
                    "filterWeight": 0
                },
                {
                    "offerId": "v2:/4849b8d3-f8a7-4124-b20d-bd888518a927",
                    "offerType": "StaticPrice",
                    "devName": "[VIRTUAL] 1x AthenaCharacter:CID_A_196_Athena_Commando_F_FNCSGreen for 800 MtxCurrency",
                    "itemGrants": [
                        {
                            "templateId": "AthenaCharacter:CID_A_196_Athena_Commando_F_FNCSGreen",
                            "quantity": 1
                        }
                    ],
                    "requirements": [
                        {
                            "requirementType": "DenyOnItemOwnership",
                            "requiredId": "AthenaCharacter:CID_A_196_Athena_Commando_F_FNCSGreen",
                            "minQuantity": 1
                        }
                    ],
                    "categories": [
                        "AlwaysFrozen"
                    ],
                    "metaInfo": [
                        {
                            "key": "DisplayAssetPath",
                            "value": "/Game/Catalog/DisplayAssets/DA_Featured_CID_A_196_Athena_Commando_F_FNCSGreen.DA_Featured_CID_A_196_Athena_Commando_F_FNCSGreen"
                        },
                        {
                            "key": "NewDisplayAssetPath",
                            "value": "/Game/Catalog/NewDisplayAssets/DAv2_Featured_CID_A_196_Athena_Commando_F_FNCSGreen.DAv2_Featured_CID_A_196_Athena_Commando_F_FNCSGreen"
                        },
                        {
                            "key": "TileSize",
                            "value": "Normal"
                        },
                        {
                            "key": "SectionId",
                            "value": "Featured"
                        }
                    ],
                    "meta": {
                        "NewDisplayAssetPath": "/Game/Catalog/NewDisplayAssets/DAv2_Featured_CID_A_196_Athena_Commando_F_FNCSGreen.DAv2_Featured_CID_A_196_Athena_Commando_F_FNCSGreen",
                        "displayAssetPath": "/Game/Catalog/DisplayAssets/DA_Featured_CID_A_196_Athena_Commando_F_FNCSGreen.DA_Featured_CID_A_196_Athena_Commando_F_FNCSGreen",
                        "SectionId": "Featured",
                        "TileSize": "Normal"
                    },
                    "giftInfo": {
                        "bIsEnabled": true,
                        "forcedGiftBoxTemplateId": "",
                        "purchaseRequirements": [
                            {
                                "requirementType": "DenyOnItemOwnership",
                                "requiredId": "AthenaCharacter:CID_A_196_Athena_Commando_F_FNCSGreen",
                                "minQuantity": 1
                            }
                        ],
                        "giftRecordIds": []
                    },
                    "prices": [
                        {
                            "currencySubType": "Currency",
                            "currencyType": "MtxCurrency",
                            "dynamicRegularPrice": -1,
                            "saleExpiration": "9999-12-31T23:59:59.999Z",
                            "basePrice": 800,
                            "regularPrice": 800,
                            "finalPrice": 800
                        }
                    ],
                    "bannerOverride": "",
                    "displayAssetPath": "/Game/Catalog/DisplayAssets/DA_Featured_CID_A_196_Athena_Commando_F_FNCSGreen.DA_Featured_CID_A_196_Athena_Commando_F_FNCSGreen",
                    "NewDisplayAssetPath": "/Game/Catalog/NewDisplayAssets/DAv2_Featured_CID_A_196_Athena_Commando_F_FNCSGreen.DAv2_Featured_CID_A_196_Athena_Commando_F_FNCSGreen",
                    "refundable": true,
                    "title": "",
                    "description": "",
                    "shortDescription": "",
                    "appStoreId": [],
                    "fulfillmentIds": [],
                    "dailyLimit": -1,
                    "weeklyLimit": -1,
                    "monthlyLimit": -1,
                    "sortPriority": 0,
                    "catalogGroupPriority": 0,
                    "filterWeight": 0
                },
                {
                    "offerId": "v2:/1de9d9a7-dfcd-4946-b9d7-652e3fd6eb2f",
                    "offerType": "StaticPrice",
                    "devName": "[VIRTUAL] 1x AthenaCharacter:CID_A_106_Athena_Commando_F_FuturePinkGoal for 800 MtxCurrency",
                    "itemGrants": [
                        {
                            "templateId": "AthenaCharacter:CID_A_106_Athena_Commando_F_FuturePinkGoal",
                            "quantity": 1
                        }
                    ],
                    "requirements": [
                        {
                            "requirementType": "DenyOnItemOwnership",
                            "requiredId": "AthenaCharacter:CID_A_106_Athena_Commando_F_FuturePinkGoal",
                            "minQuantity": 1
                        }
                    ],
                    "categories": [
                        "AlwaysFrozen"
                    ],
                    "metaInfo": [
                        {
                            "key": "DisplayAssetPath",
                            "value": "/Game/Catalog/DisplayAssets/DA_Featured_CID_A_106_Athena_Commando_F_FuturePinkGoal.DA_Featured_CID_A_106_Athena_Commando_F_FuturePinkGoal"
                        },
                        {
                            "key": "NewDisplayAssetPath",
                            "value": "/Game/Catalog/NewDisplayAssets/DAv2_Featured_CID_A_106_Athena_Commando_F_FuturePinkGoal.DAv2_Featured_CID_A_106_Athena_Commando_F_FuturePinkGoal"
                        },
                        {
                            "key": "TileSize",
                            "value": "Normal"
                        },
                        {
                            "key": "SectionId",
                            "value": "Featured"
                        }
                    ],
                    "meta": {
                        "NewDisplayAssetPath": "/Game/Catalog/NewDisplayAssets/DAv2_Featured_CID_A_106_Athena_Commando_F_FuturePinkGoal.DAv2_Featured_CID_A_106_Athena_Commando_F_FuturePinkGoal",
                        "displayAssetPath": "/Game/Catalog/DisplayAssets/DA_Featured_CID_A_106_Athena_Commando_F_FuturePinkGoal.DA_Featured_CID_A_106_Athena_Commando_F_FuturePinkGoal",
                        "SectionId": "Featured",
                        "TileSize": "Normal"
                    },
                    "giftInfo": {
                        "bIsEnabled": true,
                        "forcedGiftBoxTemplateId": "",
                        "purchaseRequirements": [
                            {
                                "requirementType": "DenyOnItemOwnership",
                                "requiredId": "AthenaCharacter:CID_A_106_Athena_Commando_F_FuturePinkGoal",
                                "minQuantity": 1
                            }
                        ],
                        "giftRecordIds": []
                    },
                    "prices": [
                        {
                            "currencySubType": "Currency",
                            "currencyType": "MtxCurrency",
                            "dynamicRegularPrice": -1,
                            "saleExpiration": "9999-12-31T23:59:59.999Z",
                            "basePrice": 800,
                            "regularPrice": 800,
                            "finalPrice": 800
                        }
                    ],
                    "bannerOverride": "",
                    "displayAssetPath": "/Game/Catalog/DisplayAssets/DA_Featured_CID_A_106_Athena_Commando_F_FuturePinkGoal.DA_Featured_CID_A_106_Athena_Commando_F_FuturePinkGoal",
                    "NewDisplayAssetPath": "/Game/Catalog/NewDisplayAssets/DAv2_Featured_CID_A_106_Athena_Commando_F_FuturePinkGoal.DAv2_Featured_CID_A_106_Athena_Commando_F_FuturePinkGoal",
                    "refundable": true,
                    "title": "",
                    "description": "",
                    "shortDescription": "",
                    "appStoreId": [],
                    "fulfillmentIds": [],
                    "dailyLimit": -1,
                    "weeklyLimit": -1,
                    "monthlyLimit": -1,
                    "sortPriority": 0,
                    "catalogGroupPriority": 0,
                    "filterWeight": 0
                }
            ]
        }
    ]
}