{
  "namespace": "fn",
  "accountId": "epic",
  "creatorName": "Epic",
  "mnemonic": "playlist_papaya",
  "linkType": "BR:Playlist",
  "metadata": {
      "alt_title": {
          "de": "Party Royale",
          "ru": "Королевская вечеринка",
          "ko": "파티로얄",
          "pt-BR": "Festa Royale",
          "it": "Party Reale",
          "fr": "Fête royale",
          "zh-CN": "",
          "es": "Fiesta magistral",
          "es-MX": "Fiesta campal",
          "zh": "",
          "ar": "الحفل الملكي",
          "zh-Hant": "",
          "ja": "パーティーロイヤル",
          "pl": "Królewska Impreza",
          "es-419": "Fiesta campal",
          "tr": "Çılgın Parti"
      },
      "image_url": "https://cdn2.unrealengine.com/partyroyale-1920-1920x1080-7001724bc7ab.jpg",
      "image_urls": {
          "url_s": "https://cdn2.unrealengine.com/partyroyale-480-480x270-a4ce24699034.jpg",
          "url_xs": "https://cdn2.unrealengine.com/partyroyale-256-256x144-932b805e9fb7.jpg",
          "url_m": "https://cdn2.unrealengine.com/partyroyale-640-640x360-983da0123af2.jpg",
          "url": "https://cdn2.unrealengine.com/partyroyale-1920-1920x1080-7001724bc7ab.jpg"
      },
      "matchmaking": {
          "override_playlist": "playlist_papaya"
      },
      "title": "Party Royale"
  },
  "version": 95,
  "active": true,
  "disabled": false,
  "created": "2021-10-01T00:56:45.010Z",
  "published": "2023-11-15T23:18:49.208Z",
  "descriptionTags": [],
  "moderationStatus": "Approved",
  "discoveryIntent": "PUBLIC"
}