{
    "namespace": "fn",
    "accountId": "epic",
    "creatorName": "Epic",
    "mnemonic": "playlist_trios",
    "linkType": "BR:Playlist",
    "metadata": {
        "parent_set": "set_br_playlists",
        "favorite_override": "set_br_playlists",
        "play_history_override": "set_br_playlists",
        "alt_title": {
            "de": "Trio",
            "ru": "Трио",
            "ko": "트리오",
            "pt-BR": "Trios",
            "en": "Trio",
            "it": "Terzetti",
            "fr": "Trios",
            "zh-CN": "",
            "es": "Tríos",
            "es-MX": "En trío",
            "zh": "",
            "ar": "ثلاثي",
            "zh-Hant": "",
            "ja": "トリオ",
            "pl": "Trójki",
            "es-419": "En trío",
            "tr": "Üçlü"
        },
        "image_url": "https://cdn2.unrealengine.com/ogbr-trios-640-640x360-522fe9b4f8fb.jpg",
        "product_tag": "Product.BR.Build.Trio",
        "image_urls": {
            "url_s": "https://cdn2.unrealengine.com/ogbr-trios-640-640x360-522fe9b4f8fb.jpg",
            "url_xs": "https://cdn2.unrealengine.com/ogbr-trios-640-640x360-522fe9b4f8fb.jpg",
            "url_m": "https://cdn2.unrealengine.com/ogbr-trios-640-640x360-522fe9b4f8fb.jpg",
            "url": "https://cdn2.unrealengine.com/ogbr-trios-640-640x360-522fe9b4f8fb.jpg"
        },
        "matchmaking": {
            "override_playlist": "playlist_trios"
        },
        "video_vuid": "taqdZkWyokbCyEFWld",
        "title": "Trio"
    },
    "version": 95,
    "active": true,
    "disabled": false,
    "created": "2021-10-01T00:56:45.053Z",
    "published": "2023-11-03T08:28:43.403Z",
    "descriptionTags": [],
    "moderationStatus": "Unmoderated"
}