{
  "namespace": "fn",
  "accountId": "epic",
  "creatorName": "Epic",
  "mnemonic": "playlist_defaultduo",
  "linkType": "BR:Playlist",
  "metadata": {
      "parent_set": "set_br_playlists",
      "favorite_override": "set_br_playlists",
      "play_history_override": "set_br_playlists",
      "alt_title": {
          "de": "Duo",
          "ru": "Парные сражения",
          "ko": "듀오",
          "pt-BR": "Duplas",
          "en": "Duo",
          "it": "Coppie",
          "fr": "Duos",
          "zh-CN": "",
          "es": "Dúos",
          "es-MX": "En dúo",
          "zh": "",
          "ar": "ثنائي",
          "zh-Hant": "",
          "ja": "デュオ",
          "pl": "Pary",
          "es-419": "En dúo",
          "tr": "Çiftli"
      },
      "image_url": "https://cdn2.unrealengine.com/ogbr-duos-640-640x360-bae457925977.jpg",
      "product_tag": "Product.BR.Build.Duo",
      "image_urls": {
          "url_s": "https://cdn2.unrealengine.com/ogbr-duos-640-640x360-bae457925977.jpg",
          "url_xs": "https://cdn2.unrealengine.com/ogbr-duos-640-640x360-bae457925977.jpg",
          "url_m": "https://cdn2.unrealengine.com/ogbr-duos-640-640x360-bae457925977.jpg",
          "url": "https://cdn2.unrealengine.com/ogbr-duos-640-640x360-bae457925977.jpg"
      },
      "matchmaking": {
          "override_playlist": "playlist_defaultduo"
      },
      "video_vuid": "taqdZkWyokbCyEFWld",
      "title": "Duo"
  },
  "version": 95,
  "active": true,
  "disabled": false,
  "created": "2021-10-01T00:56:46.389Z",
  "published": "2023-11-03T08:25:34.690Z",
  "descriptionTags": [],
  "moderationStatus": "Unmoderated"
}